action_00,action_01,action_02,action_03,action_04,action_05,action_06,action_07,action_08,action_09,action_10,action_11,action_12,action_13,action_14,action_15,action_16,action_17,action_18,action_19
"[-0.15292781591415405,-0.02548367530107498,-0.23389384150505066]","[-0.22878102958202362,-0.15705546736717224,-0.22862368822097778]","[-0.16002464294433594,-0.11971644312143326,-0.11509670317173004]","[-0.20419694483280182,-0.11581412702798843,-0.1792387068271637]","[-0.16303840279579163,-0.029653824865818024,-0.19102883338928223]","[-0.20211336016654968,0.008870825171470642,-0.1721874624490738]","[-0.23146846890449524,-0.13719695806503296,-0.3061651885509491]","[-0.2647358179092407,-0.007646530866622925,-0.20748165249824524]","[-0.22648365795612335,0.008870884776115417,-0.30994129180908203]","[-0.22937482595443726,-0.053057052195072174,-0.24936848878860474]","[-0.20327115058898926,-0.1344912052154541,-0.32730570435523987]","[-0.2237144559621811,-0.03504747897386551,-0.3385331630706787]","[-0.1487579047679901,-0.03751634061336517,-0.26611411571502686]","[-0.196335569024086,-0.03273627161979675,-0.3260727822780609]","[-0.157927468419075,0.06903195381164551,-0.26510900259017944]","[-0.21299496293067932,-0.14103573560714722,-0.259513795375824]","[-0.07491700351238251,-0.0595317967236042,-0.18550631403923035]","[-0.19256004691123962,-0.06656461209058762,-0.2300853580236435]","[-0.29587477445602417,-0.17243920266628265,-0.33507078886032104]","[-0.23820048570632935,-0.14215832948684692,-0.2553746700286865]"
"[-0.20539908111095428,-0.03324213624000549,-0.1792556345462799]","[-0.19776180386543274,0.05350679159164429,-0.16606274247169495]","[-0.20638525485992432,-0.08086490631103516,-0.17950555682182312]","[-0.1964251697063446,0.08059424161911011,-0.12257988750934601]","[-0.19104471802711487,-0.01813603937625885,-0.21221406757831573]","[-0.15880334377288818,0.025518253445625305,-0.1559671312570572]","[-0.22532078623771667,-0.02119988203048706,-0.2554457485675812]","[-0.2107795774936676,-0.18142399191856384,-0.19156308472156525]","[-0.1764824539422989,-0.027865514159202576,-0.11501617729663849]","[-0.12789024412631989,-0.014493398368358612,-0.2610323429107666]","[-0.1544569730758667,-0.12257639318704605,-0.1774466335773468]","[-0.26926979422569275,0.00680878758430481,-0.29499369859695435]","[-0.19576682150363922,-0.046101637184619904,-0.2592247426509857]","[-0.16079390048980713,-0.07147179543972015,-0.29576534032821655]","[-0.24325072765350342,-0.14465822279453278,-0.248151034116745]","[-0.12813304364681244,-0.027926616370677948,-0.2893698513507843]","[-0.19990260899066925,-0.13735291361808777,-0.34341326355934143]","[-0.187178835272789,0.0007397681474685669,-0.29011422395706177]","[-0.16354209184646606,-0.08405044674873352,-0.2330043911933899]","[-0.25014200806617737,-0.2133733332157135,-0.23718439042568207]"
"[-0.2527661919593811,0.01526014506816864,-0.1279706060886383]","[-0.2846547067165375,-0.04345966875553131,-0.3360207974910736]","[-0.1790640503168106,-0.0956968367099762,-0.15879593789577484]","[-0.1879151165485382,-0.08045429736375809,-0.2070034146308899]","[-0.23811039328575134,-0.09252878278493881,-0.17557276785373688]","[-0.2569899559020996,-0.03427928686141968,-0.2793506979942322]","[-0.16305722296237946,-0.08358155936002731,-0.25990813970565796]","[-0.11093440651893616,-0.13943709433078766,-0.26918843388557434]","[-0.2208351343870163,-0.10246609896421432,-0.2703133821487427]","[-0.13671831786632538,-0.07788073271512985,-0.16689427196979523]","[-0.2058405578136444,-0.1455894410610199,-0.20079737901687622]","[-0.13358646631240845,-0.06450475007295609,-0.30502021312713623]","[-0.08227705955505371,-0.14527566730976105,-0.3569517731666565]","[-0.18612748384475708,-0.06999403238296509,-0.247898131608963]","[-0.23851178586483002,-0.02934318780899048,-0.27854785323143005]","[-0.14837729930877686,-0.13692216575145721,-0.21763233840465546]","[-0.17113155126571655,-0.1433410793542862,-0.12268753349781036]","[-0.21066546440124512,-0.0655616968870163,-0.21483533084392548]","[-0.22769583761692047,-0.036145202815532684,-0.16641849279403687]","[-0.19442670047283173,-0.04823955148458481,-0.18192043900489807]"
"[-0.222808837890625,-0.09008606523275375,-0.2034040093421936]","[-0.11621026694774628,-0.06282005459070206,-0.208634153008461]","[-0.2184683233499527,-0.052428968250751495,-0.27842625975608826]","[-0.2284955382347107,0.0698164701461792,-0.27269017696380615]","[-0.26365500688552856,-0.0545816645026207,-0.2404915988445282]","[-0.0872013121843338,-0.10379745066165924,-0.21623432636260986]","[-0.19150730967521667,-0.026255212724208832,-0.23024258017539978]","[-0.19442963600158691,-0.04243770241737366,-0.21164022386074066]","[-0.13893523812294006,-0.08067194372415543,-0.23269927501678467]","[-0.15949811041355133,-0.023326843976974487,-0.2685176134109497]","[-0.190738245844841,-0.04543660581111908,-0.27515193819999695]","[-0.25274235010147095,-0.10638654232025146,-0.2873118817806244]","[-0.18089807033538818,-0.06658611446619034,-0.2598680257797241]","[-0.16813579201698303,-0.050885748118162155,-0.2362942099571228]","[-0.2780926525592804,0.03720839321613312,-0.21235375106334686]","[-0.10960851609706879,-0.06717780232429504,-0.2526887059211731]","[-0.19074654579162598,-0.18019109964370728,-0.23177802562713623]","[-0.1011325865983963,-0.14805373549461365,-0.12323613464832306]","[-0.29176947474479675,-0.08068010210990906,-0.14808207750320435]","[-0.13645213842391968,0.008020758628845215,-0.12588690221309662]"
"[-0.217215433716774,0.002554669976234436,-0.18034808337688446]","[-0.19771163165569305,0.07233406603336334,-0.21484805643558502]","[-0.12915454804897308,-0.1069738045334816,-0.09797671437263489]","[-0.09610073268413544,-0.06342044472694397,-0.1543762981891632]","[-0.23077043890953064,-0.0689857006072998,-0.18735426664352417]","[-0.1984749138355255,-0.09618150442838669,-0.3158087134361267]","[-0.14683786034584045,0.050248876214027405,-0.1959328055381775]","[-0.1382579803466797,-0.060717687010765076,-0.19384676218032837]","[-0.022463500499725342,0.04130202531814575,-0.22262801229953766]","[-0.24415138363838196,-0.16648927330970764,-0.2598125636577606]","[-0.20534110069274902,-0.098880834877491,-0.26240816712379456]","[-0.1498885452747345,0.028596356511116028,-0.2869901657104492]","[-0.23050446808338165,-0.07858186960220337,-0.2855018377304077]","[-0.2050388753414154,-0.06589031219482422,-0.264011949300766]","[-0.23706288635730743,-0.030275292694568634,-0.2449398934841156]","[-0.3099721372127533,-0.011269673705101013,-0.21455413103103638]","[-0.2043653428554535,-0.02103910595178604,-0.17005321383476257]","[-0.2063714563846588,-0.06676732748746872,-0.2923320531845093]","[-0.17483752965927124,-0.12521398067474365,-0.2397092878818512]","[-0.23434606194496155,-0.1463603377342224,-0.048891469836235046]"
"[-0.10629913210868835,0.15434744954109192,-0.22039037942886353]","[-0.12188392877578735,-0.06839806586503983,-0.23530201613903046]","[-0.1810782551765442,-0.031128428876399994,-0.20126959681510925]","[-0.20843903720378876,-0.039831340312957764,-0.1575929820537567]","[-0.20241928100585938,0.015480898320674896,-0.21706414222717285]","[-0.18706053495407104,-0.028742752969264984,-0.2611452043056488]","[-0.17495077848434448,0.05038739740848541,-0.2413012981414795]","[-0.19679416716098785,-0.02214205265045166,-0.2354946732521057]","[-0.1407974362373352,-0.055739764124155045,-0.25553998351097107]","[-0.2343590259552002,-0.0503760427236557,-0.24083340167999268]","[-0.1680278480052948,-0.09831833839416504,-0.26886922121047974]","[-0.0666181743144989,0.06542477011680603,-0.17532879114151]","[-0.19943644106388092,-0.10616496205329895,-0.24169841408729553]","[-0.2067912369966507,-0.09646480530500412,-0.38922351598739624]","[-0.23477743566036224,0.05332084000110626,-0.1860024780035019]","[-0.04892072081565857,0.03454838693141937,-0.1658688336610794]","[-0.10001547634601593,0.001980125904083252,-0.25385311245918274]","[-0.20614206790924072,-0.09269304573535919,-0.20745301246643066]","[-0.09279128909111023,-0.0858936756849289,-0.22948825359344482]","[-0.10682404786348343,-0.010513946413993835,-0.2502783536911011]"
"[-0.16612228751182556,-0.03795056417584419,-0.14420096576213837]","[-0.1460416615009308,-0.06865827739238739,-0.23211130499839783]","[-0.14780168235301971,0.01470598578453064,-0.22841107845306396]","[-0.19024646282196045,-0.029212377965450287,-0.16374030709266663]","[-0.16588589549064636,-0.13276270031929016,-0.21324267983436584]","[-0.162454754114151,-0.04220203682780266,-0.20508505403995514]","[-0.20699048042297363,-0.07360170781612396,-0.23420581221580505]","[-0.23451806604862213,-0.0824294239282608,-0.2765057682991028]","[-0.15375715494155884,-0.03464680537581444,-0.1870882362127304]","[-0.1886192411184311,-0.08765541017055511,-0.23105117678642273]","[-0.26275157928466797,-0.14658212661743164,-0.3145906925201416]","[-0.24541127681732178,-0.11035025864839554,-0.21327082812786102]","[-0.21372035145759583,-0.016039244830608368,-0.29493412375450134]","[-0.2503466308116913,-0.05768145993351936,-0.351709246635437]","[-0.24160772562026978,-0.07509960234165192,-0.18254607915878296]","[-0.12308245897293091,-0.08258720487356186,-0.17944826185703278]","[-0.18650275468826294,-0.08217530697584152,-0.16789409518241882]","[-0.170732319355011,-0.14301404356956482,-0.34369614720344543]","[-0.10518798232078552,-0.11175127327442169,-0.22537094354629517]","[-0.07458259910345078,0.02829417586326599,-0.16546696424484253]"
"[-0.2409677505493164,-0.02632969617843628,-0.18710368871688843]","[-0.1830916702747345,-0.11903084814548492,-0.17916417121887207]","[-0.20737195014953613,0.005812056362628937,-0.20245619118213654]","[-0.23217891156673431,-0.02994212508201599,-0.22563955187797546]","[-0.22461244463920593,0.024649322032928467,-0.21995773911476135]","[-0.1812194287776947,0.13417692482471466,-0.2121937870979309]","[-0.11779418587684631,-0.046192068606615067,-0.21302002668380737]","[-0.21688184142112732,-0.09974835067987442,-0.2726276218891144]","[-0.22242583334445953,-0.12695246934890747,-0.2782457172870636]","[-0.23391447961330414,-0.11075405031442642,-0.1749756634235382]","[-0.19152836501598358,-0.15139083564281464,-0.31081297993659973]","[-0.345643550157547,-0.06889370083808899,-0.31986066699028015]","[-0.2463269978761673,-0.08875629305839539,-0.3901618421077728]","[-0.21257440745830536,-0.15887588262557983,-0.3129311501979828]","[-0.2834014892578125,-0.05024085193872452,-0.17262612283229828]","[-0.25538572669029236,-0.07554204761981964,-0.3376125693321228]","[-0.1340542584657669,-0.08220687508583069,-0.365311861038208]","[-0.19829359650611877,-0.14929848909378052,-0.12333238124847412]","[-0.16173328459262848,-0.11364981532096863,-0.14749282598495483]","[-0.2527522146701813,-0.12999340891838074,-0.28359243273735046]"
"[-0.3081809878349304,-0.07679970562458038,-0.1831396073102951]","[-0.15051500499248505,-0.07459869235754013,-0.21594415605068207]","[-0.2620004713535309,0.030101001262664795,-0.07467560470104218]","[-0.2740415930747986,0.0016032978892326355,-0.1994679570198059]","[-0.18658117949962616,-0.04964340105652809,-0.19595077633857727]","[-0.2682846188545227,-0.11183035373687744,-0.1398853212594986]","[-0.08546316623687744,0.027395099401474,-0.1122911274433136]","[-0.1896204799413681,-0.03001200407743454,-0.1883440911769867]","[-0.27675554156303406,-0.0683688297867775,-0.2790261209011078]","[-0.28515446186065674,-0.08252446353435516,-0.19587062299251556]","[-0.2655293941497803,-0.03388795256614685,-0.19692203402519226]","[-0.17580069601535797,-0.17773111164569855,-0.20424754917621613]","[-0.09347179532051086,-0.06100572645664215,-0.21278883516788483]","[-0.1425977349281311,-0.12590259313583374,-0.21703439950942993]","[-0.32901525497436523,0.014210313558578491,-0.30884993076324463]","[-0.21606901288032532,-0.16904470324516296,-0.29085198044776917]","[-0.17381519079208374,-0.19893698394298553,-0.20681914687156677]","[-0.299138605594635,-0.10912635922431946,-0.17556504905223846]","[-0.24341772496700287,-0.12608757615089417,-0.13491442799568176]","[-0.2052728533744812,-0.07717197388410568,-0.19904258847236633]"
"[-0.20584271848201752,-0.13475270569324493,-0.2292187213897705]","[-0.1945842057466507,-0.06521183252334595,-0.24080058932304382]","[-0.1889127641916275,-0.06666870415210724,-0.2615784704685211]","[-0.20902568101882935,-0.0308377668261528,-0.27635520696640015]","[-0.18487808108329773,-0.11472766846418381,-0.173256978392601]","[-0.22446280717849731,-0.07743114233016968,-0.18321524560451508]","[-0.22197653353214264,-0.0738295465707779,-0.3800356388092041]","[-0.17971953749656677,-0.05142075940966606,-0.20055727660655975]","[-0.1924610733985901,-0.027431577444076538,-0.24494469165802002]","[-0.2537696659564972,-0.13315236568450928,-0.27813994884490967]","[-0.25444963574409485,-0.15258492529392242,-0.2953580915927887]","[-0.21737095713615417,-0.1359495371580124,-0.31984657049179077]","[-0.14142155647277832,-0.11685387790203094,-0.2664211690425873]","[-0.2378595918416977,-0.1681264489889145,-0.3587108552455902]","[-0.19411097466945648,-0.11457593739032745,-0.27154773473739624]","[-0.2197771817445755,-0.0960327684879303,-0.2908329963684082]","[-0.19959312677383423,-0.05053778737783432,-0.18081900477409363]","[-0.20997047424316406,-0.14292263984680176,-0.34182119369506836]","[-0.16725054383277893,-0.09657920897006989,-0.25977176427841187]","[-0.15444353222846985,-0.11540201306343079,-0.14639291167259216]"
"[-0.14541570842266083,-0.10011956840753555,-0.1856187880039215]","[-0.1659204363822937,-0.15074987709522247,-0.20723073184490204]","[-0.23614034056663513,0.05335400998592377,-0.28627097606658936]","[-0.18785256147384644,-0.09913677722215652,-0.15197336673736572]","[-0.19865551590919495,0.008237898349761963,-0.2312506139278412]","[-0.21406501531600952,-0.09022513031959534,-0.22233429551124573]","[-0.2347446233034134,-0.08849461376667023,-0.23794683814048767]","[-0.18899200856685638,-0.12939035892486572,-0.21430647373199463]","[-0.19322295486927032,0.014062732458114624,-0.2631071209907532]","[-0.25245246291160583,-0.11281139403581619,-0.27618688344955444]","[-0.18136167526245117,-0.1032995879650116,-0.24064461886882782]","[-0.23295477032661438,-0.23387937247753143,-0.22270610928535461]","[-0.3250282108783722,-0.09355607628822327,-0.28361740708351135]","[-0.21123377978801727,-0.1085578054189682,-0.25715067982673645]","[-0.19529183208942413,-0.11607376486063004,-0.21404516696929932]","[-0.23813621699810028,-0.06835783272981644,-0.1695803701877594]","[-0.15973123908042908,0.0035656094551086426,-0.3032299876213074]","[-0.17987345159053802,-0.047652773559093475,-0.2862085700035095]","[-0.1453668475151062,-0.0568828359246254,-0.1914476454257965]","[-0.20592358708381653,-0.11971089988946915,-0.20220312476158142]"
"[-0.17749199271202087,-0.061194777488708496,-0.24670760333538055]","[-0.15024344623088837,-0.028674118220806122,-0.18765081465244293]","[-0.10972230136394501,-0.07116328179836273,-0.12420390546321869]","[-0.17545460164546967,-0.06657303869724274,-0.2753276228904724]","[-0.1237432062625885,-0.030075013637542725,-0.22110483050346375]","[-0.18963134288787842,-0.05503912270069122,-0.2106262743473053]","[-0.17210333049297333,-0.0882391706109047,-0.22409917414188385]","[-0.10031366348266602,-0.07476119697093964,-0.31111955642700195]","[-0.20993676781654358,-0.10021363198757172,-0.25737640261650085]","[-0.10056532919406891,-0.025737784802913666,-0.23255059123039246]","[-0.2012767493724823,-0.09291154146194458,-0.3245786130428314]","[-0.16518105566501617,-0.08730245381593704,-0.3525812029838562]","[-0.12008240818977356,-0.18278849124908447,-0.3059336841106415]","[-0.2322547435760498,-0.12556596100330353,-0.3199319541454315]","[-0.19629335403442383,-0.1155286431312561,-0.1588849425315857]","[-0.11708896607160568,-0.0778832882642746,-0.2844043970108032]","[-0.19435714185237885,-0.011526823043823242,-0.2238764762878418]","[-0.03428037464618683,-0.19964122772216797,-0.05749310553073883]","[-0.3049904704093933,-0.11065580695867538,-0.24104318022727966]","[-0.10970865190029144,-0.058520182967185974,-0.24338342249393463]"
"[-0.22718636691570282,-0.047396399080753326,-0.1970842480659485]","[-0.35213369131088257,-0.16352272033691406,-0.22192369401454926]","[-0.1833978146314621,-0.06550975888967514,-0.2660748362541199]","[-0.17704737186431885,-0.0597313828766346,-0.158960223197937]","[-0.24920311570167542,-0.07736827433109283,-0.14728903770446777]","[-0.21468719840049744,-0.10252760350704193,-0.1899019181728363]","[-0.2414938360452652,-0.12714163959026337,-0.2927377223968506]","[-0.18892645835876465,-0.15483315289020538,-0.2440812885761261]","[-0.16725125908851624,-0.06440222263336182,-0.2166944146156311]","[-0.163507878780365,0.06280383467674255,-0.2113005667924881]","[-0.2715599834918976,-0.10327259451150894,-0.1973046362400055]","[-0.2440117597579956,0.015082910656929016,-0.24465179443359375]","[-0.19348643720149994,-0.11917797476053238,-0.28802746534347534]","[-0.3002179265022278,-0.12434590607881546,-0.34049364924430847]","[-0.2510916292667389,-0.137862429022789,-0.25822460651397705]","[-0.22568544745445251,-0.044093694537878036,-0.26615938544273376]","[-0.2043306529521942,-0.12949855625629425,-0.2252245545387268]","[-0.2298964411020279,-0.12226635962724686,-0.22747087478637695]","[-0.14701569080352783,-0.20345351099967957,-0.17322811484336853]","[-0.23982056975364685,-0.09397473186254501,-0.1110832467675209]"
"[-0.2214055061340332,-0.11088835448026657,-0.21010485291481018]","[-0.13715362548828125,-0.08670737594366074,-0.16493257880210876]","[-0.1324962079524994,-0.0777125433087349,-0.16380634903907776]","[-0.20011001825332642,-0.11778949946165085,-0.18899275362491608]","[-0.16134695708751678,-0.05673123896121979,-0.24371227622032166]","[-0.17591223120689392,-0.09036088734865189,-0.2354140281677246]","[-0.24061986804008484,-0.16398140788078308,-0.2596971094608307]","[-0.15944555401802063,-0.03910886123776436,-0.16750624775886536]","[-0.1814984679222107,-0.1176973357796669,-0.2668742835521698]","[-0.13461481034755707,-0.039088018238544464,-0.40837743878364563]","[-0.10155226290225983,-0.017472349107265472,-0.18369324505329132]","[-0.18821734189987183,-0.13232500851154327,-0.3282415270805359]","[-0.22417108714580536,-0.1843971461057663,-0.3470631539821625]","[-0.19456130266189575,-0.18758954107761383,-0.3602738380432129]","[-0.23278357088565826,-0.15042893588542938,-0.22519546747207642]","[-0.24341440200805664,-0.15127046406269073,-0.2676926255226135]","[-0.22127129137516022,-0.11543485522270203,-0.20951154828071594]","[-0.22126413881778717,-0.09439172595739365,-0.18811890482902527]","[-0.1559857875108719,-0.1396058201789856,-0.23421303927898407]","[-0.13787075877189636,0.02021677792072296,-0.20026390254497528]"
"[-0.19999250769615173,-0.1360202431678772,-0.11240546405315399]","[-0.18291997909545898,-0.040569789707660675,-0.20279094576835632]","[-0.20920176804065704,-0.022420473396778107,-0.22971206903457642]","[-0.14150527119636536,-0.028168492019176483,-0.14471441507339478]","[-0.21245118975639343,-0.054697804152965546,-0.242081880569458]","[-0.18780255317687988,-0.056174054741859436,-0.22650182247161865]","[-0.1462976336479187,0.04241134226322174,-0.21289479732513428]","[-0.15146708488464355,-0.03824911266565323,-0.23342642188072205]","[-0.2151162475347519,-0.0637563019990921,-0.20365475118160248]","[-0.12469781935214996,-0.0021119266748428345,-0.2558724284172058]","[-0.14530310034751892,-0.12199737876653671,-0.2507259249687195]","[-0.17730504274368286,-0.03569640964269638,-0.3298681676387787]","[-0.14317572116851807,-0.1178792417049408,-0.32132869958877563]","[-0.1714564859867096,-0.08545428514480591,-0.33680611848831177]","[-0.25627613067626953,-0.06581825762987137,-0.3100956380367279]","[-0.17488683760166168,-0.04433047026395798,-0.36213183403015137]","[-0.21421577036380768,0.027474790811538696,-0.2788327932357788]","[-0.1788824051618576,-0.06646950542926788,-0.28377142548561096]","[-0.3491550087928772,-0.23723307251930237,-0.29999783635139465]","[-0.23628030717372894,-0.14872339367866516,-0.24153782427310944]"
"[-0.20018456876277924,-0.09898450970649719,-0.21847650408744812]","[-0.15904323756694794,-0.027559205889701843,-0.23935985565185547]","[-0.1605834662914276,0.023209407925605774,-0.1889040768146515]","[-0.15423442423343658,-0.0705418810248375,-0.06653597950935364]","[-0.16484412550926208,-0.1623644232749939,-0.2901546359062195]","[-0.2088640332221985,-0.04802032187581062,-0.24797828495502472]","[-0.24816294014453888,-0.06821508705615997,-0.23470723628997803]","[-0.22633010149002075,-0.10384557396173477,-0.28177908062934875]","[-0.30392399430274963,-0.06070440635085106,-0.22177748382091522]","[-0.2002878338098526,-0.11983423680067062,-0.19694246351718903]","[-0.2372751235961914,-0.11197488009929657,-0.22833356261253357]","[-0.25256359577178955,-0.12196601927280426,-0.28539150953292847]","[-0.24577365815639496,-0.05495854467153549,-0.3136148154735565]","[-0.23948942124843597,-0.05311771109700203,-0.32102537155151367]","[-0.1919514238834381,-0.05418485403060913,-0.17815351486206055]","[-0.18536031246185303,-0.10118762403726578,-0.3163367807865143]","[-0.23405911028385162,-0.2527598440647125,-0.20528031885623932]","[-0.16399672627449036,-0.08113323897123337,-0.22269238531589508]","[-0.14954160153865814,-0.16671323776245117,-0.199225053191185]","[-0.3339698016643524,-0.28926771879196167,-0.24827532470226288]"
"[-0.13040700554847717,-0.017953313887119293,-0.19853615760803223]","[-0.17741183936595917,-0.13986517488956451,-0.19326937198638916]","[-0.27638348937034607,-0.033388569951057434,-0.1388128101825714]","[-0.16157150268554688,-0.02347450703382492,-0.18284574151039124]","[-0.20632041990756989,-0.03942881152033806,-0.15570972859859467]","[-0.17581817507743835,-0.05263518542051315,-0.08904862403869629]","[-0.1433928906917572,-0.1486513465642929,-0.1727800965309143]","[-0.09394656121730804,0.043136268854141235,-0.3135509490966797]","[-0.22538991272449493,-0.08241606503725052,-0.20136578381061554]","[-0.17919397354125977,0.0007277876138687134,-0.27139124274253845]","[-0.2609970271587372,-0.05025322735309601,-0.19965121150016785]","[-0.32034289836883545,-0.17363785207271576,-0.3486023545265198]","[-0.15025553107261658,-0.13445937633514404,-0.46417996287345886]","[-0.2824745178222656,-0.25910627841949463,-0.3177216053009033]","[-0.36015552282333374,-0.19367702305316925,-0.2816673517227173]","[-0.1772918999195099,-0.14583764970302582,-0.2474953830242157]","[-0.21226979792118073,-0.08015142381191254,-0.2281004935503006]","[-0.10136327147483826,-0.08798345178365707,-0.27684369683265686]","[-0.2402479201555252,-0.1424368917942047,-0.16808104515075684]","[-0.1965663582086563,-0.1134909838438034,-0.12143810093402863]"
"[-0.24561725556850433,-0.028070315718650818,-0.20302700996398926]","[-0.2933748662471771,0.011047616600990295,-0.17767080664634705]","[-0.22273555397987366,-0.009911812841892242,-0.20470702648162842]","[-0.2120734006166458,-0.0292397178709507,-0.21921828389167786]","[-0.20535573363304138,-0.07680373638868332,-0.15898185968399048]","[-0.16350412368774414,-0.019233956933021545,-0.16820672154426575]","[-0.12058445811271667,-0.07295631617307663,-0.24807791411876678]","[-0.2150246500968933,-0.032552801072597504,-0.129928857088089]","[-0.1987258344888687,-0.06663532555103302,-0.19500631093978882]","[-0.22670060396194458,-0.037179891020059586,-0.1948041319847107]","[-0.23139169812202454,-0.029478907585144043,-0.25480443239212036]","[-0.19651295244693756,0.07608772814273834,-0.2462538778781891]","[-0.3050713837146759,-0.11969339102506638,-0.3303667902946472]","[-0.2078251838684082,-0.014966428279876709,-0.31483012437820435]","[-0.264997661113739,-0.1243300661444664,-0.2733687460422516]","[-0.2103150486946106,-0.1159534901380539,-0.17542396485805511]","[-0.3174284100532532,-0.1465577483177185,-0.18646715581417084]","[-0.2655341923236847,-0.1778677999973297,-0.32522767782211304]","[-0.1492459625005722,0.05441601574420929,-0.11642536520957947]","[-0.28127172589302063,-0.05664496868848801,0.00454007089138031]"
"[-0.3281331956386566,-0.21600182354450226,-0.278786838054657]","[-0.22913530468940735,-0.09553226828575134,-0.22274550795555115]","[-0.2501128315925598,-0.10397656261920929,-0.20197337865829468]","[-0.25533604621887207,-0.08426643908023834,-0.21631976962089539]","[-0.27504459023475647,0.05343446135520935,-0.19304993748664856]","[-0.19890999794006348,-0.091300830245018,-0.23119542002677917]","[-0.18852567672729492,-0.12012851983308792,-0.29579973220825195]","[-0.17618799209594727,-0.025085248053073883,-0.2617105543613434]","[-0.2043391615152359,0.03217626363039017,-0.3344651162624359]","[-0.2771271765232086,-0.024830155074596405,-0.2404676079750061]","[-0.2107716202735901,-0.08511108160018921,-0.24316340684890747]","[-0.23021040856838226,0.0864143818616867,-0.25311046838760376]","[-0.19709497690200806,-0.08450685441493988,-0.3053673803806305]","[-0.21556881070137024,-0.03473740071058273,-0.32925471663475037]","[-0.08836059272289276,-0.05298130214214325,-0.21585406363010406]","[-0.21142855286598206,-0.11218509823083878,-0.1806097775697708]","[-0.1783079206943512,-0.027143754065036774,-0.30845361948013306]","[-0.257542222738266,-0.11772763729095459,-0.32681402564048767]","[-0.16950184106826782,-0.1303327977657318,-0.3269759714603424]","[-0.17923901975154877,-0.07428327202796936,-0.2418658286333084]"
"[-0.26777371764183044,-0.10760322213172913,-0.17716798186302185]","[-0.17879626154899597,-0.06252504885196686,-0.1828174591064453]","[-0.21941111981868744,-0.024903111159801483,-0.06370958685874939]","[-0.18163852393627167,-0.060510922223329544,-0.11514014005661011]","[-0.2821311950683594,-0.09048140048980713,-0.17780807614326477]","[-0.1825120449066162,-0.01863691955804825,-0.15792182087898254]","[-0.19626067578792572,-0.1416659653186798,-0.14630892872810364]","[-0.1788417547941208,-0.06273210048675537,-0.21362870931625366]","[-0.21948902308940887,-0.04923761263489723,-0.21997907757759094]","[-0.2637954652309418,-0.10296082496643066,-0.22499054670333862]","[-0.2711634039878845,-0.1497613489627838,-0.17562052607536316]","[-0.24938198924064636,-0.05552683770656586,-0.29157108068466187]","[-0.2387719750404358,-0.16382035613059998,-0.3789278268814087]","[-0.30750980973243713,-0.02896927297115326,-0.2838117480278015]","[-0.31861382722854614,-0.004242405295372009,-0.2752954065799713]","[-0.2710643410682678,-0.052905552089214325,-0.27771908044815063]","[-0.2459750473499298,-0.15488937497138977,-0.19657045602798462]","[-0.16385532915592194,0.01172250509262085,-0.2345280945301056]","[-0.19520728290081024,-0.15456536412239075,-0.21308785676956177]","[-0.33607369661331177,-0.16148598492145538,-0.2186429351568222]"
"[-0.22650663554668427,0.08132690191268921,-0.24231766164302826]","[-0.134068101644516,-0.08018164336681366,-0.194944828748703]","[-0.10068550705909729,-0.021445803344249725,-0.1995241940021515]","[-0.1769624650478363,-0.1205870509147644,-0.2443426549434662]","[-0.18702824413776398,-0.08915218710899353,-0.2750372588634491]","[-0.23785331845283508,-0.06692427396774292,-0.31471410393714905]","[-0.17543110251426697,-0.07412891834974289,-0.21559469401836395]","[-0.2662925720214844,-0.03454163670539856,-0.21411029994487762]","[-0.16865605115890503,-0.05519610270857811,-0.23598526418209076]","[-0.2087569236755371,-0.049311116337776184,-0.28130868077278137]","[-0.18483717739582062,-0.022240109741687775,-0.31819239258766174]","[-0.13453024625778198,-0.0767507553100586,-0.31624937057495117]","[-0.2732139825820923,-0.013049975037574768,-0.31589120626449585]","[-0.25256022810935974,-0.1419086903333664,-0.2845204472541809]","[-0.055184245109558105,-0.1313582807779312,-0.26877036690711975]","[-0.17315161228179932,-0.15997914969921112,-0.32503247261047363]","[-0.26541537046432495,-0.06757642328739166,-0.30816102027893066]","[-0.2581597864627838,-0.05398895591497421,-0.25684085488319397]","[-0.14781981706619263,-0.1833687573671341,-0.17380866408348083]","[-0.29518020153045654,0.006207123398780823,-0.29880771040916443]"
"[-0.2622486650943756,-0.07941892743110657,-0.1486230492591858]","[-0.12437081336975098,-0.09784135222434998,-0.3510052263736725]","[-0.06474530696868896,-0.09346923232078552,-0.11036384105682373]","[-0.18820902705192566,-0.16902025043964386,-0.1886039674282074]","[-0.1729464828968048,-0.056922540068626404,-0.18638217449188232]","[-0.20834054052829742,-0.07931704074144363,-0.20620033144950867]","[-0.24248084425926208,0.011781521141529083,-0.18317145109176636]","[-0.1292988806962967,-0.1145879477262497,-0.2951847016811371]","[-0.23869732022285461,-0.1073717325925827,-0.19279468059539795]","[-0.24042335152626038,-0.16390655934810638,-0.20493610203266144]","[-0.2664834260940552,-0.0619707815349102,-0.22941341996192932]","[-0.20349189639091492,0.03032323718070984,-0.249860942363739]","[-0.18506565690040588,-0.02700856328010559,-0.34212949872016907]","[-0.2267913520336151,-0.09811627864837646,-0.31981921195983887]","[-0.09594717621803284,-0.1399601846933365,-0.24426449835300446]","[-0.16754302382469177,-0.19808831810951233,-0.1941695213317871]","[-0.19486784934997559,-0.028314337134361267,-0.2576168477535248]","[-0.22667694091796875,-0.09962935745716095,-0.1964697539806366]","[-0.13290220499038696,-0.16255822777748108,-0.18022572994232178]","[-0.21480673551559448,-0.09478890895843506,-0.27455270290374756]"
"[-0.27224647998809814,0.0002683475613594055,-0.16638368368148804]","[-0.17226070165634155,-0.06740933656692505,-0.16217175126075745]","[-0.2534213960170746,-0.07995861768722534,-0.23904672265052795]","[-0.2042551189661026,-0.1348957121372223,-0.19386886060237885]","[-0.33401691913604736,-0.024076122790575027,-0.21491685509681702]","[-0.17179062962532043,-0.059025540947914124,-0.2445882260799408]","[-0.2025468349456787,-0.06448840349912643,-0.2080119550228119]","[-0.2203310877084732,-0.041599858552217484,-0.08914406597614288]","[-0.20708081126213074,-0.009055979549884796,-0.23985733091831207]","[-0.26504358649253845,-0.026829399168491364,-0.22142896056175232]","[-0.27656644582748413,-0.07142335921525955,-0.2763708531856537]","[-0.2218543291091919,-0.003558710217475891,-0.20416998863220215]","[-0.1729234904050827,0.023106947541236877,-0.2380611002445221]","[-0.17461976408958435,-0.06409626454114914,-0.3924870193004608]","[-0.27890244126319885,-0.10957752168178558,-0.26430708169937134]","[-0.21659816801548004,-0.044141821563243866,-0.22014926373958588]","[-0.2007637470960617,-0.14722031354904175,-0.2421761453151703]","[-0.16537225246429443,-0.13844084739685059,-0.22242434322834015]","[-0.10221333801746368,0.053139567375183105,-0.19217801094055176]","[-0.341015487909317,0.008208170533180237,-0.07389551401138306]"
"[-0.1706264615058899,-0.07253175973892212,-0.199120432138443]","[-0.2119690179824829,-0.11939617991447449,-0.22390839457511902]","[-0.22413793206214905,-0.11622262746095657,-0.17253734171390533]","[-0.21001902222633362,-0.14450044929981232,-0.17491069436073303]","[-0.16653889417648315,-0.11144089698791504,-0.2451200932264328]","[-0.2146891951560974,-0.08054901659488678,-0.23327070474624634]","[-0.27783292531967163,-0.0611947700381279,-0.27459728717803955]","[-0.24694135785102844,0.017182663083076477,-0.20514759421348572]","[-0.18369989097118378,-0.051626719534397125,-0.233946293592453]","[-0.2563535273075104,-0.08800564706325531,-0.14900575578212738]","[-0.23735950887203217,-0.09781467169523239,-0.24492764472961426]","[-0.17844676971435547,-0.14246612787246704,-0.2901189923286438]","[-0.2488653063774109,-0.11539271473884583,-0.33498015999794006]","[-0.2085309475660324,-0.1250278502702713,-0.2820204198360443]","[-0.16775664687156677,-0.20424050092697144,-0.2500235140323639]","[-0.21943309903144836,-0.0335499569773674,-0.3078884184360504]","[-0.2434508353471756,-0.03005753457546234,-0.2661340534687042]","[-0.22731855511665344,-0.09475880861282349,-0.1713619977235794]","[-0.1569618433713913,-0.04012729972600937,-0.13201451301574707]","[-0.14945751428604126,-0.0010937154293060303,-0.1798010915517807]"
"[-0.17652516067028046,-0.03695550560951233,-0.22235289216041565]","[-0.2273419201374054,-0.08845110237598419,-0.2249019742012024]","[-0.21878546476364136,-0.09048974514007568,-0.23913711309432983]","[-0.21525532007217407,0.026828482747077942,-0.2067696750164032]","[-0.22719252109527588,-0.13840946555137634,-0.13515174388885498]","[-0.20038461685180664,-0.08503652364015579,-0.2617861032485962]","[-0.33395111560821533,-0.03204965591430664,-0.2533113658428192]","[-0.20582698285579681,-0.08736161142587662,-0.22917507588863373]","[-0.19775260984897614,-0.061005234718322754,-0.3354017436504364]","[-0.22755378484725952,-0.048314306885004044,-0.2841278314590454]","[-0.23206236958503723,-0.12365850806236267,-0.3077912926673889]","[-0.19091135263442993,-0.04040476307272911,-0.2604922950267792]","[-0.11109516024589539,-0.00349484384059906,-0.2931536138057709]","[-0.17369705438613892,-0.040824055671691895,-0.330369234085083]","[-0.18296130001544952,-0.19361549615859985,-0.298201322555542]","[-0.19182075560092926,-0.03398560732603073,-0.2398795485496521]","[-0.12481442838907242,-0.03354177623987198,-0.33976298570632935]","[-0.17763744294643402,-0.06186627596616745,-0.3328360319137573]","[-0.21125859022140503,-0.12933950126171112,-0.27084970474243164]","[-0.24144862592220306,-0.15210913121700287,-0.288766086101532]"
"[-0.20721790194511414,-0.0860585868358612,-0.1849176436662674]","[-0.14606288075447083,-0.1611185222864151,-0.24849911034107208]","[-0.19400577247142792,-0.08179270476102829,-0.14516139030456543]","[-0.2386454939842224,-0.09371887892484665,-0.19524534046649933]","[-0.20091703534126282,-0.12230212241411209,-0.22936883568763733]","[-0.19332844018936157,0.014483138918876648,-0.03964701294898987]","[-0.2004290223121643,-0.09527252614498138,-0.286512553691864]","[-0.1519288420677185,-0.11151313781738281,-0.1804584264755249]","[-0.23235675692558289,-0.06285127997398376,-0.2698041796684265]","[-0.22262796759605408,-0.07916910946369171,-0.2491874098777771]","[-0.28519168496131897,-0.0066827163100242615,-0.2499346286058426]","[-0.24938620626926422,-0.0818314403295517,-0.2894556522369385]","[-0.2797919809818268,-0.10945780575275421,-0.36485981941223145]","[-0.18008758127689362,-0.13417848944664001,-0.2993578314781189]","[-0.319059818983078,-0.011678531765937805,-0.18555036187171936]","[-0.17500147223472595,-0.10826224833726883,-0.19849935173988342]","[-0.26189279556274414,-0.15848278999328613,-0.20438438653945923]","[-0.18923169374465942,-0.034767553210258484,-0.17537079751491547]","[-0.3336668610572815,-0.02210298180580139,-0.1548781841993332]","[-0.18191292881965637,-0.13482721149921417,-0.15843868255615234]"
"[-0.1084282249212265,-0.04982767999172211,-0.21995379030704498]","[-0.20648235082626343,-0.0371779128909111,-0.14228889346122742]","[-0.12623374164104462,-0.03252045810222626,-0.1310838907957077]","[-0.17826972901821136,-0.0745229721069336,-0.1585424393415451]","[-0.1926678866147995,-0.07748094946146011,-0.22261646389961243]","[-0.23061318695545197,-0.10710208117961884,-0.25897303223609924]","[-0.16217303276062012,-0.028969019651412964,-0.22225421667099]","[-0.16817951202392578,0.126663938164711,-0.28328758478164673]","[-0.14432984590530396,-0.22371619939804077,-0.23520046472549438]","[-0.17963860929012299,-0.07179437577724457,-0.25354769825935364]","[-0.19935306906700134,-0.09195613116025925,-0.17834019660949707]","[-0.34051021933555603,-0.018655642867088318,-0.1942283809185028]","[-0.1396876871585846,-0.13750705122947693,-0.3879489302635193]","[-0.18433815240859985,0.021131902933120728,-0.4000181555747986]","[-0.293812096118927,-0.09077557921409607,-0.27417421340942383]","[-0.23797839879989624,-0.1492944061756134,-0.1493084579706192]","[-0.10441483557224274,-0.03086564689874649,-0.21728800237178802]","[-0.2807387113571167,-0.09290894120931625,-0.10431629419326782]","[-0.27015215158462524,-0.06958556175231934,-0.20946024358272552]","[-0.3227626383304596,-0.18620242178440094,-0.2081676572561264]"
"[-0.1170131266117096,0.035466209053993225,-0.23331773281097412]","[-0.1651926338672638,-0.09761538356542587,-0.11911055445671082]","[-0.27098268270492554,-0.026127859950065613,-0.20917177200317383]","[-0.1824200451374054,-0.1689223200082779,-0.17811638116836548]","[-0.22459980845451355,-0.06257472932338715,-0.26042070984840393]","[-0.2645155191421509,-0.13163217902183533,-0.273030161857605]","[-0.2038184106349945,-0.13483312726020813,-0.2024669349193573]","[-0.24340300261974335,-0.1041608527302742,-0.22528088092803955]","[-0.18793979287147522,-0.07427613437175751,-0.2551805377006531]","[-0.2532612979412079,-0.13701222836971283,-0.16726945340633392]","[-0.1196126937866211,-0.14182543754577637,-0.2689870595932007]","[-0.29778945446014404,-0.13195174932479858,-0.35396474599838257]","[-0.22915607690811157,-0.16649802029132843,-0.3560316264629364]","[-0.18487094342708588,-0.18579009175300598,-0.2847583591938019]","[-0.1368364691734314,-0.22019614279270172,-0.3071117401123047]","[-0.23046714067459106,-0.06482520699501038,-0.29426416754722595]","[-0.2082408368587494,-0.09981486201286316,-0.3060275614261627]","[-0.1982301026582718,-0.15974529087543488,-0.1676170974969864]","[-0.08155430853366852,-0.18149657547473907,-0.15186801552772522]","[-0.30550044775009155,-0.1727065145969391,-0.2837245464324951]"
"[-0.2531282305717468,-0.06328798830509186,-0.231989786028862]","[-0.23159879446029663,-0.0772697776556015,-0.1618901789188385]","[-0.26681575179100037,-0.012686342000961304,-0.20124247670173645]","[-0.2492159903049469,-0.02482636272907257,-0.12429271638393402]","[-0.2390809953212738,-0.12251041829586029,-0.2511061728000641]","[-0.22951804101467133,-0.09672747552394867,-0.2923400402069092]","[-0.21460185945034027,-0.07062681019306183,-0.16694331169128418]","[-0.21853511035442352,0.001124270260334015,-0.21587726473808289]","[-0.22275331616401672,-0.10426107048988342,-0.25611186027526855]","[-0.2097485363483429,-0.022271275520324707,-0.2357613742351532]","[-0.22476136684417725,-0.0769343301653862,-0.24059468507766724]","[-0.2500753700733185,-0.10998093336820602,-0.30124133825302124]","[-0.1338110864162445,-0.06991986930370331,-0.30796587467193604]","[-0.12281203269958496,-0.043310873210430145,-0.4705631136894226]","[-0.18651613593101501,-0.12222182750701904,-0.2496936023235321]","[-0.09882673621177673,-0.16350769996643066,-0.22991281747817993]","[-0.1813395470380783,-0.08875443041324615,-0.1721341609954834]","[-0.2008107304573059,-0.133823424577713,-0.192349374294281]","[-0.16119691729545593,-0.11476132273674011,-0.21115373075008392]","[-0.3445146679878235,-0.2099262923002243,-0.10050627589225769]"
"[-0.13798405230045319,-0.026213370263576508,-0.14884884655475616]","[-0.22147516906261444,-0.04298410192131996,-0.18279141187667847]","[-0.1901748776435852,-0.07552195340394974,-0.21869727969169617]","[-0.04368746280670166,-0.14075759053230286,-0.22420567274093628]","[-0.1433437466621399,-0.07874630391597748,-0.20886275172233582]","[-0.20078615844249725,-0.08234376460313797,-0.2175706923007965]","[-0.19190213084220886,-0.08728089928627014,-0.19866758584976196]","[-0.26188141107559204,-0.001529306173324585,-0.23709145188331604]","[-0.15092425048351288,-0.013523109257221222,-0.2647876739501953]","[0.018834352493286133,-0.035331692546606064,-0.22388142347335815]","[-0.24659578502178192,-0.09438605606555939,-0.26774510741233826]","[-0.24906456470489502,-0.14684145152568817,-0.29765546321868896]","[-0.23686133325099945,-0.05964794382452965,-0.3695559501647949]","[-0.16994068026542664,-0.03840436041355133,-0.3697454631328583]","[-0.17752516269683838,-0.09899133443832397,-0.21962478756904602]","[-0.29501429200172424,-0.09041516482830048,-0.3223743736743927]","[-0.15323573350906372,-0.02266797423362732,-0.22130128741264343]","[-0.30727899074554443,-0.04899244010448456,-0.15043991804122925]","[-0.09850730001926422,-0.01062975823879242,-0.1813388466835022]","[-0.2552809417247772,-0.10842923820018768,0.001812085509300232]"
"[-0.22815310955047607,-0.08045860379934311,-0.21113142371177673]","[-0.2334224283695221,-0.12232724577188492,-0.20016533136367798]","[-0.29506799578666687,-0.0537998266518116,-0.20611092448234558]","[-0.22732685506343842,-0.11273233592510223,-0.21600885689258575]","[-0.22123868763446808,-0.06507296860218048,-0.16649602353572845]","[-0.15936872363090515,0.042327091097831726,-0.13721415400505066]","[-0.13119670748710632,-0.107694610953331,-0.27270156145095825]","[-0.1518622636795044,-0.08033446967601776,-0.2259543538093567]","[-0.17234955728054047,-0.05288337916135788,-0.171455979347229]","[-0.12221704423427582,-0.05998259782791138,-0.3326696455478668]","[-0.2381828874349594,-0.15139538049697876,-0.19826437532901764]","[-0.32020431756973267,-0.11995086073875427,-0.29533645510673523]","[-0.29791080951690674,-0.1527545303106308,-0.3299850523471832]","[-0.22689016163349152,-0.16123038530349731,-0.29816073179244995]","[-0.32799628376960754,-0.10959814488887787,-0.28706419467926025]","[-0.06327357888221741,0.051624223589897156,-0.19727790355682373]","[-0.08823603391647339,0.025810062885284424,-0.21068479120731354]","[-0.23308606445789337,-0.11851207911968231,-0.17755286395549774]","[-0.15184086561203003,-0.06511592864990234,-0.167650505900383]","[-0.17340652644634247,-0.060689203441143036,-0.29041463136672974]"
"[-0.3140895366668701,-0.03961601108312607,-0.21074926853179932]","[-0.19675664603710175,-0.1376934051513672,-0.19661089777946472]","[-0.22752490639686584,-0.09495387971401215,-0.1546364575624466]","[-0.1688123345375061,-0.0881534144282341,-0.18804535269737244]","[-0.22400546073913574,0.009113535284996033,-0.15581300854682922]","[-0.2915979325771332,-0.011032052338123322,-0.20997634530067444]","[-0.24106042087078094,-0.018909141421318054,-0.25910425186157227]","[-0.20420803129673004,-0.08265376091003418,-0.23023414611816406]","[-0.2213217318058014,-0.030814655125141144,-0.19176620244979858]","[-0.3110053241252899,-0.03371972590684891,-0.2561345100402832]","[-0.23310226202011108,-0.0605199933052063,-0.25901520252227783]","[-0.12795288860797882,-0.09769858419895172,-0.3583936393260956]","[-0.2542720139026642,-0.13394753634929657,-0.32796603441238403]","[-0.14379042387008667,-0.09121863543987274,-0.252615749835968]","[-0.06898824870586395,-0.19620895385742188,-0.2068762332201004]","[-0.1856471300125122,-0.1792871654033661,-0.22323212027549744]","[-0.21893663704395294,0.10002864897251129,-0.0287492573261261]","[-0.2770201861858368,-0.11531415581703186,-0.2211252599954605]","[-0.24912256002426147,-0.11795090138912201,-0.2278631031513214]","[-0.2122097611427307,-0.19809967279434204,-0.14705711603164673]"
"[-0.21836242079734802,-0.021448709070682526,-0.22029784321784973]","[-0.2379676252603531,-0.15660777688026428,-0.26936227083206177]","[-0.2193412184715271,-0.11700212955474854,-0.27884674072265625]","[-0.2115146815776825,-0.11105645447969437,-0.1987643539905548]","[-0.17239826917648315,-0.05920710414648056,-0.2175632119178772]","[-0.23168820142745972,-0.08815372735261917,-0.2586904466152191]","[-0.19416558742523193,-0.1007557064294815,-0.2445075809955597]","[-0.33690014481544495,-0.032541461288928986,-0.17540687322616577]","[-0.27739250659942627,0.0006278008222579956,-0.21280060708522797]","[-0.3093855082988739,-0.039439134299755096,-0.27204856276512146]","[-0.2813001871109009,-0.0466691292822361,-0.2684481739997864]","[-0.306878000497818,-0.050425395369529724,-0.390778124332428]","[-0.24608123302459717,-0.12938742339611053,-0.45579928159713745]","[-0.1765473335981369,-0.11228395253419876,-0.3469081223011017]","[-0.2765805721282959,-0.06677037477493286,-0.3205786943435669]","[-0.2357228547334671,-0.13730165362358093,-0.25038421154022217]","[-0.26915204524993896,-0.12400557100772858,-0.2590717375278473]","[-0.1386890709400177,-0.18374085426330566,-0.15937918424606323]","[-0.2126992791891098,-0.1509886085987091,-0.2331601083278656]","[-0.23415835201740265,-0.11316061019897461,-0.177575021982193]"
"[-0.24318376183509827,-0.12289287149906158,-0.23961567878723145]","[-0.2047695815563202,-0.04552346467971802,-0.16184109449386597]","[-0.18116119503974915,-0.027837365865707397,-0.1753610372543335]","[-0.19284608960151672,-0.08388343453407288,-0.19085392355918884]","[-0.21957948803901672,-0.10071579366922379,-0.2669796347618103]","[-0.2142227739095688,-0.09062831103801727,-0.2256043553352356]","[-0.22619062662124634,-0.01709916442632675,-0.21019414067268372]","[-0.17708541452884674,-0.002145998179912567,-0.27060797810554504]","[-0.20385897159576416,-0.029037117958068848,-0.21527251601219177]","[-0.21575415134429932,-0.11181803047657013,-0.2497451901435852]","[-0.1807767003774643,-0.06785862147808075,-0.23730336129665375]","[-0.19240324199199677,-0.07303166389465332,-0.29404959082603455]","[-0.19681525230407715,-0.12383149564266205,-0.2729648947715759]","[-0.1501147449016571,-0.07397112250328064,-0.27516186237335205]","[-0.16063834726810455,-0.0242222398519516,-0.25341352820396423]","[-0.26276546716690063,-0.10713237524032593,-0.17297208309173584]","[-0.18015792965888977,-0.10683034360408783,-0.23144130408763885]","[-0.15675804018974304,-0.04892260581254959,-0.18457093834877014]","[-0.22491979598999023,-0.09847793728113174,-0.1675892323255539]","[-0.05090928077697754,-0.05059308558702469,-0.1280723363161087]"
"[-0.21693208813667297,0.15863037109375,-0.20430922508239746]","[-0.21002201735973358,-0.06841158866882324,-0.21042831242084503]","[-0.12767450511455536,-0.025215789675712585,-0.16117355227470398]","[-0.14626972377300262,-0.03183046728372574,-0.16859087347984314]","[-0.18547695875167847,-0.13083629310131073,-0.17838650941848755]","[-0.20128116011619568,0.11321420967578888,-0.31247544288635254]","[-0.23666687309741974,-0.12121102958917618,-0.13771814107894897]","[-0.24690032005310059,-0.07091479748487473,-0.2812967896461487]","[-0.18035626411437988,-0.11962254345417023,-0.2775770127773285]","[-0.15980619192123413,0.029378637671470642,-0.30838316679000854]","[-0.19487428665161133,-0.08573214709758759,-0.2747824192047119]","[-0.22327907383441925,-0.06793820858001709,-0.2647199034690857]","[-0.2655107378959656,-0.15598608553409576,-0.24158534407615662]","[-0.22843517363071442,-0.13125284016132355,-0.33124107122421265]","[-0.23756760358810425,-0.0695774108171463,-0.2550956904888153]","[-0.3040996789932251,0.016382470726966858,-0.2261790633201599]","[-0.2964933216571808,-0.14514507353305817,-0.25500449538230896]","[-0.3603152632713318,-0.02008071541786194,-0.27245357632637024]","[-0.3554180860519409,-0.09468904137611389,-0.17834073305130005]","[-0.19414791464805603,-0.031144335865974426,-0.20613782107830048]"
"[-0.20399539172649384,-0.1552509367465973,-0.22510328888893127]","[-0.22078685462474823,-0.08728939294815063,-0.18631061911582947]","[-0.2628282904624939,-0.0806901752948761,-0.2105204164981842]","[-0.1751495599746704,-0.10896759480237961,-0.21189844608306885]","[-0.12737378478050232,-0.06092556193470955,-0.24353280663490295]","[-0.159835085272789,-0.042034368962049484,-0.20046770572662354]","[-0.25379541516304016,-0.09549988061189651,-0.22659949958324432]","[-0.2665333151817322,-0.06041983515024185,-0.2679407298564911]","[-0.3284597396850586,-0.08862859755754471,-0.3218693733215332]","[-0.1937076896429062,-0.022753756493330002,-0.14451494812965393]","[-0.20427000522613525,-0.1331702470779419,-0.21985268592834473]","[-0.2363424152135849,-0.059728965163230896,-0.3199293911457062]","[-0.12277868390083313,0.02841848134994507,-0.3055163621902466]","[-0.19527964293956757,0.06823650002479553,-0.3150944113731384]","[-0.14466571807861328,-0.03490343689918518,-0.25683531165122986]","[-0.16785505414009094,-0.08219689875841141,-0.25684648752212524]","[-0.06139795482158661,-0.13368892669677734,-0.24629582464694977]","[-0.1856638342142105,-0.1832451969385147,-0.23390567302703857]","[-0.038241952657699585,-0.11972911655902863,-0.19308044016361237]","[-0.1619451940059662,-0.1443786323070526,-0.23783183097839355]"
"[-0.18190500140190125,-0.08777610957622528,-0.15840980410575867]","[-0.22246620059013367,-0.13237375020980835,-0.1418578028678894]","[-0.28484779596328735,-0.08683915436267853,-0.17912200093269348]","[-0.24901902675628662,-0.07519889622926712,-0.09373253583908081]","[-0.30171868205070496,-0.1365269124507904,-0.2865303158760071]","[-0.2957151532173157,-0.036562368273735046,-0.23050379753112793]","[-0.1984597146511078,-0.08372920751571655,-0.19195424020290375]","[-0.21228499710559845,-0.06578658521175385,-0.2847243845462799]","[-0.1925966441631317,-0.13231627643108368,-0.1747712939977646]","[-0.35738810896873474,-0.0516497865319252,-0.2614150047302246]","[-0.2863021492958069,-0.09324568510055542,-0.29563263058662415]","[-0.24081967771053314,-0.14498087763786316,-0.3032967150211334]","[-0.1751326471567154,-0.07109373807907104,-0.25507619976997375]","[-0.3020118474960327,-0.08440342545509338,-0.28376245498657227]","[-0.20509575307369232,-0.14790408313274384,-0.272464394569397]","[-0.21228691935539246,-0.0719575583934784,-0.18456602096557617]","[-0.24665823578834534,-0.039702482521533966,-0.2877872884273529]","[-0.12617243826389313,-0.16311591863632202,-0.2002159208059311]","[-0.2706415355205536,-0.1286766529083252,-0.22008046507835388]","[-0.23968814313411713,-0.22066529095172882,-0.23006103932857513]"
"[-0.08934034407138824,-0.044230856001377106,-0.1358516365289688]","[-0.2517384886741638,-0.08733335882425308,-0.2121208906173706]","[-0.13583709299564362,0.06221085786819458,-0.16269558668136597]","[-0.15573793649673462,-0.007548056542873383,-0.22781425714492798]","[-0.22856175899505615,-0.0410148985683918,-0.26067331433296204]","[-0.17836427688598633,-0.08762997388839722,-0.18819214403629303]","[-0.12196479737758636,-0.029618792235851288,-0.20682750642299652]","[-0.20946329832077026,-0.04827193543314934,-0.23081526160240173]","[-0.24334178864955902,-0.08056548237800598,-0.14572440087795258]","[-0.31111904978752136,-0.005348771810531616,-0.22372862696647644]","[-0.22538378834724426,-0.09958280622959137,-0.23470143973827362]","[-0.17286363244056702,-0.1346234232187271,-0.3179289996623993]","[-0.1567097008228302,-0.13179165124893188,-0.2766039967536926]","[-0.2008867710828781,-0.10812947154045105,-0.2959252893924713]","[-0.19107699394226074,-0.081502765417099,-0.2996852695941925]","[-0.22642448544502258,-0.05472429096698761,-0.25811272859573364]","[-0.2055278718471527,-5.449354648590088e-05,-0.3471528887748718]","[-0.16068607568740845,-0.03295377641916275,-0.2002030313014984]","[-0.20711492002010345,-0.08592316508293152,-0.20449697971343994]","[-0.1407461017370224,-0.04504042863845825,-0.2453882098197937]"
"[-0.34450751543045044,-0.015437386929988861,-0.2656291723251343]","[-0.2532040476799011,-0.06240091472864151,-0.23854777216911316]","[-0.15580756962299347,-0.01955336332321167,-0.23404020071029663]","[-0.17394891381263733,-0.10869785398244858,-0.20671126246452332]","[-0.16417638957500458,-0.12029699981212616,-0.0831298679113388]","[-0.24035707116127014,-0.11008386313915253,-0.3020904064178467]","[-0.1625770926475525,-0.12610551714897156,-0.20629534125328064]","[-0.2591513693332672,-0.028103478252887726,-0.1448751538991928]","[-0.1068556010723114,-0.12642042338848114,-0.1685909777879715]","[-0.2645975947380066,-0.2589549422264099,-0.18834641575813293]","[-0.15404751896858215,-0.00853981077671051,-0.23679986596107483]","[-0.3093462586402893,-0.11090996861457825,-0.2352994680404663]","[-0.11984920501708984,-0.12647263705730438,-0.32139208912849426]","[-0.21643809974193573,-0.09735427796840668,-0.24512651562690735]","[-0.19966474175453186,0.021410495042800903,-0.22374588251113892]","[-0.23944780230522156,-0.15065233409404755,-0.237797811627388]","[-0.20807750523090363,-0.14315861463546753,-0.2610096037387848]","[-0.33165523409843445,-0.07665573805570602,-0.340620219707489]","[-0.16691330075263977,-0.06673778593540192,-0.22261309623718262]","[-0.16610679030418396,-0.03824246674776077,-0.21630021929740906]"
"[-0.1736944019794464,-0.0724029690027237,-0.200303852558136]","[-0.2120809704065323,-0.05381479859352112,-0.2808081805706024]","[-0.19803400337696075,-0.05264415591955185,-0.18650153279304504]","[-0.19257298111915588,-0.07653091847896576,-0.13721592724323273]","[-0.35343730449676514,0.0546087920665741,-0.1713746339082718]","[-0.19948875904083252,-0.01019275188446045,-0.22594662010669708]","[-0.18160685896873474,-0.09664270281791687,-0.08201165497303009]","[-0.18522754311561584,-0.0015329718589782715,-0.26217857003211975]","[-0.29389533400535583,-0.02338308095932007,-0.2686883211135864]","[-0.23511239886283875,-0.03896202892065048,-0.2811237573623657]","[-0.25146612524986267,-0.10710747539997101,-0.288588285446167]","[-0.21960890293121338,-0.08569137752056122,-0.3091201186180115]","[-0.25763940811157227,-0.11552636325359344,-0.3456856310367584]","[-0.16347137093544006,-0.03755239024758339,-0.14843976497650146]","[-0.2511650323867798,0.007608860731124878,-0.18885953724384308]","[-0.28452780842781067,-0.18859919905662537,-0.2831663489341736]","[-0.15308038890361786,-0.056560758501291275,-0.22308209538459778]","[-0.2688043415546417,-0.18738172948360443,-0.2541974186897278]","[-0.24993278086185455,-0.07851145416498184,-0.26868799328804016]","[-0.3080061674118042,-0.182157963514328,-0.201647087931633]"
"[-0.2115299105644226,-0.16986185312271118,-0.2035362720489502]","[-0.23882202804088593,-0.08354662358760834,-0.22816665470600128]","[-0.15834107995033264,-0.02013726532459259,-0.13889175653457642]","[-0.20216354727745056,-0.038250621408224106,-0.13672365248203278]","[-0.2250005155801773,-0.07761787623167038,-0.28619763255119324]","[-0.15285691618919373,-0.07364597916603088,-0.1644352823495865]","[-0.17198258638381958,-0.031164150685071945,-0.22105520963668823]","[-0.16923874616622925,-0.030036363750696182,-0.2036069631576538]","[-0.24529318511486053,-0.06275579333305359,-0.2200731337070465]","[-0.18752352893352509,-0.030899465084075928,-0.2700774371623993]","[-0.1686801016330719,-0.06835008412599564,-0.25210249423980713]","[-0.12067016959190369,-0.10800649225711823,-0.31800606846809387]","[-0.26289430260658264,0.015562310814857483,-0.38302725553512573]","[-0.29572364687919617,-0.004750750958919525,-0.2685467302799225]","[-0.09426723420619965,-0.1726994812488556,-0.3097954988479614]","[-0.12098367512226105,-0.17261411249637604,-0.2923385798931122]","[-0.22128897905349731,-0.18764589726924896,-0.25049126148223877]","[-0.26768457889556885,-0.09090478718280792,-0.2705932557582855]","[-0.22926627099514008,-0.21386700868606567,-0.20725616812705994]","[-0.1878676563501358,-0.1600511372089386,-0.22957181930541992]"
"[-0.1969538778066635,0.09338252246379852,-0.060690030455589294]","[-0.1974104642868042,-0.12192569673061371,-0.17746961116790771]","[-0.2636876404285431,-0.036146871745586395,-0.1609521210193634]","[-0.23423056304454803,0.003852859139442444,-0.18629184365272522]","[-0.17219068109989166,0.03081931173801422,-0.2869245707988739]","[-0.18789812922477722,-0.03212226927280426,-0.21452680230140686]","[-0.13638988137245178,0.0033593475818634033,-0.23603710532188416]","[-0.14506494998931885,0.008503325283527374,-0.2952832579612732]","[-0.2100159227848053,-0.039446473121643066,-0.25350481271743774]","[-0.10675450414419174,0.01734347641468048,-0.24236196279525757]","[-0.19550737738609314,-0.014735579490661621,-0.27078649401664734]","[-0.25054481625556946,0.06429430842399597,-0.22698020935058594]","[-0.26018333435058594,-0.1502857357263565,-0.2691718339920044]","[-0.18312199413776398,0.029259756207466125,-0.3195837736129761]","[-0.09690190851688385,-0.07369385659694672,-0.15881407260894775]","[-0.18689830601215363,-0.06870410591363907,-0.21992164850234985]","[-0.16774997115135193,-0.015852972865104675,-0.09497024118900299]","[-0.17069324851036072,-0.11031504720449448,-0.14652825891971588]","[-0.10653705149888992,-0.19105897843837738,-0.30003103613853455]","[-0.22584030032157898,-0.0700950026512146,-0.25245532393455505]"
"[-0.20876309275627136,-0.016162440180778503,-0.23444457352161407]","[-0.18514561653137207,-0.08030162006616592,-0.19939181208610535]","[-0.20694226026535034,-0.10415402054786682,-0.24016931653022766]","[-0.19496434926986694,-0.11020426452159882,-0.2408532202243805]","[-0.15518632531166077,-0.11266190558671951,-0.26732051372528076]","[-0.1927609145641327,-0.09532078355550766,-0.19422121345996857]","[-0.1121092140674591,-0.07497328519821167,-0.24114519357681274]","[-0.2478571981191635,-0.13294430077075958,-0.3038896322250366]","[-0.20581553876399994,-0.15201976895332336,-0.2606763243675232]","[-0.24328720569610596,-0.09135293960571289,-0.29573526978492737]","[-0.1837649643421173,-0.0766461119055748,-0.27822399139404297]","[-0.16056771576404572,-0.09405283629894257,-0.3545458912849426]","[-0.23302027583122253,-0.06281913071870804,-0.317994624376297]","[-0.12017080932855606,-0.14170365035533905,-0.30293843150138855]","[-0.15410080552101135,-0.20222407579421997,-0.20934930443763733]","[-0.1873316466808319,-0.17126056551933289,-0.32034534215927124]","[-0.18756067752838135,-0.08635854721069336,-0.25120049715042114]","[-0.0865168422460556,-0.1009608656167984,-0.3059583306312561]","[-0.17508462071418762,0.025427252054214478,-0.16747179627418518]","[-0.16237685084342957,-0.15711428225040436,-0.09713371098041534]"
"[-0.24294567108154297,-0.060406990349292755,-0.2021215856075287]","[-0.2700899541378021,-0.011393889784812927,-0.14014005661010742]","[-0.192236065864563,-0.09203189611434937,-0.12194831669330597]","[-0.2671593129634857,-0.09488756954669952,-0.19316372275352478]","[-0.2276516705751419,-0.07567215710878372,-0.2291860282421112]","[-0.18940114974975586,-0.01516801118850708,-0.17691783607006073]","[-0.22835341095924377,-0.07376143336296082,-0.23181790113449097]","[-0.19127735495567322,-0.18364527821540833,-0.2048938274383545]","[-0.2028413563966751,-0.04714178293943405,-0.23644883930683136]","[-0.24217331409454346,-0.10513775050640106,-0.27955710887908936]","[-0.2548953890800476,-0.1076812818646431,-0.25418001413345337]","[-0.2399846464395523,-0.07614637911319733,-0.2806955873966217]","[-0.24591466784477234,-0.030568130314350128,-0.20832937955856323]","[-0.31312623620033264,-0.10370545834302902,-0.2491351217031479]","[-0.2415628582239151,-0.043212756514549255,-0.2587449252605438]","[-0.25922077894210815,-0.06614157557487488,-0.23400996625423431]","[-0.2618694007396698,-0.06764015555381775,-0.22881194949150085]","[-0.2502313554286957,-0.09270073473453522,-0.12332165241241455]","[-0.19546006619930267,-0.0886879414319992,-0.23166532814502716]","[-0.14732372760772705,-0.07117658853530884,-0.12673598527908325]"
"[-0.17751868069171906,-0.15785406529903412,-0.2036631554365158]","[-0.1962185800075531,-0.07321188598871231,-0.23300273716449738]","[-0.20295368134975433,-0.01518113911151886,-0.18254053592681885]","[-0.1925855427980423,-0.03690718486905098,-0.18559134006500244]","[-0.15427449345588684,-0.04113706946372986,-0.3124818801879883]","[-0.2524205148220062,-0.025859113782644272,-0.2788589298725128]","[-0.0981188639998436,0.08973005414009094,-0.2006523758172989]","[-0.27870887517929077,-0.13318808376789093,-0.23081669211387634]","[-0.22620078921318054,-0.023156754672527313,-0.1642347276210785]","[-0.2323770821094513,-0.17105165123939514,-0.24562157690525055]","[-0.21206945180892944,-0.0703943520784378,-0.25004976987838745]","[-0.17431682348251343,-0.1216205582022667,-0.3188595175743103]","[-0.13441920280456543,-0.13726294040679932,-0.2786322832107544]","[-0.2089625895023346,-0.06115046143531799,-0.3088867962360382]","[-0.11301206052303314,-0.06823541224002838,-0.18965500593185425]","[-0.16478490829467773,-0.1064966544508934,-0.27564573287963867]","[-0.315083771944046,-0.06005561351776123,-0.321555495262146]","[-0.1339506208896637,-0.10826091468334198,-0.2335187792778015]","[-0.24295316636562347,-0.13194327056407928,-0.16638785600662231]","[-0.23460514843463898,-0.11418364942073822,-0.33052918314933777]"
"[-0.17144812643527985,-0.08080235123634338,-0.30024513602256775]","[-0.14737266302108765,-0.057658568024635315,-0.2798849940299988]","[-0.19808322191238403,-0.058013975620269775,-0.240038201212883]","[-0.21960312128067017,-0.07339513301849365,-0.22650162875652313]","[-0.31084486842155457,-0.03546712547540665,-0.28868141770362854]","[-0.2453392595052719,-0.1321302354335785,-0.3125046491622925]","[-0.23805241286754608,-0.10541792958974838,-0.21910208463668823]","[-0.24529874324798584,-0.02561163157224655,-0.26083096861839294]","[-0.2455253005027771,-0.05580057576298714,-0.27141833305358887]","[-0.2978963255882263,-0.10972774028778076,-0.25424259901046753]","[-0.26983150839805603,-0.13110145926475525,-0.27163514494895935]","[-0.32903772592544556,-0.05479484423995018,-0.3115409314632416]","[-0.16973361372947693,-0.02082519233226776,-0.3238847255706787]","[-0.08753292262554169,-0.051993854343891144,-0.2770467698574066]","[-0.10961176455020905,-0.09166382998228073,-0.2553953230381012]","[-0.21587656438350677,-0.05707293748855591,-0.26856639981269836]","[-0.19431893527507782,-0.05518365278840065,-0.08619420230388641]","[-0.2660521864891052,-0.033088646829128265,-0.2945680022239685]","[-0.2873210310935974,-0.0027846843004226685,-0.2577880322933197]","[-0.31250375509262085,-0.15168263018131256,-0.23310302197933197]"
"[-0.19641071557998657,-0.14410637319087982,-0.24086545407772064]","[-0.06429989635944366,-0.08360898494720459,-0.2060348093509674]","[-0.20858879387378693,-0.1343342363834381,-0.10311762988567352]","[-0.17401616275310516,-0.10290035605430603,-0.2147909700870514]","[-0.2205990105867386,-0.08059833943843842,-0.22605131566524506]","[-0.18946149945259094,-0.13032574951648712,-0.21526509523391724]","[-0.28530147671699524,-0.04476363956928253,-0.23048436641693115]","[-0.20725612342357635,-0.04901332035660744,-0.24384382367134094]","[-0.13729168474674225,0.021967299282550812,-0.26795506477355957]","[-0.19098594784736633,-0.11521697044372559,-0.26972299814224243]","[-0.18207751214504242,-0.13264073431491852,-0.3118484914302826]","[-0.22447967529296875,-0.07613345980644226,-0.2159348875284195]","[-0.27252283692359924,-0.15303461253643036,-0.33075380325317383]","[-0.1780013144016266,-0.061340827494859695,-0.38635727763175964]","[-0.3009989261627197,-0.12706845998764038,-0.2818877398967743]","[-0.1821221113204956,-0.11020399630069733,-0.26000943779945374]","[-0.28854918479919434,-0.06901098787784576,-0.2932712733745575]","[-0.20904946327209473,-0.019577696919441223,-0.3283521234989166]","[-0.3829559087753296,-0.13188785314559937,-0.2681977450847626]","[-0.1346486210823059,-0.00734613835811615,-0.23191598057746887]"
"[-0.24377337098121643,-0.036141812801361084,-0.22707508504390717]","[-0.24871240556240082,-0.07920271158218384,-0.18229976296424866]","[-0.2736879289150238,-0.03443637490272522,-0.20985513925552368]","[-0.20001329481601715,-0.09351141005754471,-0.1799549162387848]","[-0.2672339379787445,-0.015346504747867584,-0.24021682143211365]","[-0.25239136815071106,-0.04947042465209961,-0.2470075786113739]","[-0.16807769238948822,-0.09768813103437424,-0.24879512190818787]","[-0.2108798623085022,-0.09233950078487396,-0.22404782474040985]","[-0.2054096758365631,-0.035249967128038406,-0.3225216269493103]","[-0.2131328284740448,-0.03330525755882263,-0.2759059965610504]","[-0.1973278522491455,-0.027762360870838165,-0.2869342267513275]","[-0.24203017354011536,-0.08684785664081573,-0.30157366394996643]","[-0.21278969943523407,-0.1476040631532669,-0.27321672439575195]","[-0.31458038091659546,-0.15920041501522064,-0.346172571182251]","[-0.1936308741569519,-0.08316729217767715,-0.2319255769252777]","[-0.1941736787557602,0.04982787370681763,-0.12399457395076752]","[-0.20214025676250458,-0.0027315765619277954,-0.3754870891571045]","[-0.3369826674461365,-0.08683974295854568,-0.28023937344551086]","[-0.270533949136734,-0.021419867873191833,-0.2828156650066376]","[-0.21627283096313477,-0.17324212193489075,-0.12242162227630615]"
"[-0.19087883830070496,-0.1139964908361435,-0.22370696067810059]","[-0.19477678835391998,-0.09514734148979187,-0.21547704935073853]","[-0.1413874477148056,-0.011353477835655212,-0.14876516163349152]","[-0.21997866034507751,-0.049679845571517944,-0.22935065627098083]","[-0.2808617651462555,-0.10637982189655304,-0.28975415229797363]","[-0.22647985816001892,-0.10087084770202637,-0.2970832884311676]","[-0.23829461634159088,-0.08454897999763489,-0.30451178550720215]","[-0.1891455352306366,-0.08793405443429947,-0.25057899951934814]","[-0.24723586440086365,-0.0597124844789505,-0.3086639940738678]","[-0.2780486047267914,-0.039299726486206055,-0.23594535887241364]","[-0.21176791191101074,-0.08754484355449677,-0.2434692531824112]","[-0.3028314411640167,-0.0846194177865982,-0.2916572093963623]","[-0.20166972279548645,-0.05035542696714401,-0.29270413517951965]","[-0.2526398301124573,-0.038663849234580994,-0.32234346866607666]","[-0.22250691056251526,-0.12235841155052185,-0.33529090881347656]","[-0.27357226610183716,-0.044137414544820786,-0.17930777370929718]","[-0.2642113268375397,-0.024424299597740173,-0.2706751823425293]","[-0.1316792070865631,-0.15158137679100037,-0.19119641184806824]","[-0.20274004340171814,-0.2197425216436386,-0.2617863416671753]","[-0.20085756480693817,-0.040214285254478455,-0.20101985335350037]"
"[-0.5142683982849121,0.09680597484111786,-0.14783413708209991]","[-0.20783160626888275,-0.05824458226561546,-0.17786020040512085]","[-0.1413080245256424,-0.0790763795375824,-0.14885468780994415]","[-0.20186157524585724,-0.08463463187217712,-0.2019493579864502]","[-0.1878288984298706,-0.11998370289802551,-0.25152239203453064]","[-0.27661746740341187,-0.09234599024057388,-0.271897554397583]","[-0.1989811211824417,-0.10404639691114426,-0.24335381388664246]","[-0.23103241622447968,-0.04579608142375946,-0.25007423758506775]","[-0.19604575634002686,-0.06551624089479446,-0.16085854172706604]","[-0.2050684094429016,-0.04710039868950844,-0.2025068998336792]","[-0.1593608856201172,-0.029491979628801346,-0.2308523952960968]","[-0.36324143409729004,-0.058274295181035995,-0.27637553215026855]","[-0.3005381226539612,-0.025548987090587616,-0.31440234184265137]","[-0.20273153483867645,-0.0925583615899086,-0.31328925490379333]","[-0.23205751180648804,-0.13841667771339417,-0.27537158131599426]","[-0.24494242668151855,-0.06363844871520996,-0.1337403804063797]","[-0.13146929442882538,-0.11762399226427078,-0.23711244761943817]","[-0.14953167736530304,-0.12755146622657776,-0.21672777831554413]","[-0.27136218547821045,-0.0064042359590530396,-0.2228473722934723]","[-0.2767469882965088,-0.07522252947092056,-0.14506736397743225]"
"[-0.12827889621257782,-0.02882913500070572,-0.18536370992660522]","[-0.23686273396015167,-0.07612685859203339,-0.21882015466690063]","[-0.20706656575202942,-0.06175480782985687,-0.23191101849079132]","[-0.1921699196100235,-0.061721719801425934,-0.21185541152954102]","[-0.22945548593997955,-0.058888353407382965,-0.20847627520561218]","[-0.1438150405883789,-0.20129825174808502,-0.22641342878341675]","[-0.2618376612663269,-0.06981431692838669,-0.161047101020813]","[-0.20004364848136902,-0.022740013897418976,-0.2993758022785187]","[-0.1521098017692566,-0.04147391766309738,-0.19757407903671265]","[-0.1909002810716629,-0.08302885293960571,-0.21395343542099]","[-0.21257993578910828,-0.08083521574735641,-0.26934829354286194]","[-0.23741668462753296,-0.24502593278884888,-0.3443441092967987]","[-0.10606975853443146,-0.10907068848609924,-0.2544194161891937]","[-0.18331986665725708,-0.25596651434898376,-0.2951792776584625]","[-0.20041464269161224,-0.04484225809574127,-0.16994693875312805]","[-0.19729024171829224,-0.048960957676172256,-0.16376526653766632]","[-0.12440918385982513,-0.23825153708457947,-0.15195146203041077]","[-0.20538993179798126,-0.13457944989204407,-0.25396326184272766]","[-0.1320679485797882,-0.014590531587600708,-0.29238203167915344]","[-0.25296974182128906,0.08246028423309326,-0.2585679292678833]"
"[-0.22649796307086945,-0.0731530413031578,-0.19306278228759766]","[-0.21245065331459045,-0.058484673500061035,-0.22004170715808868]","[-0.1437183916568756,-0.09320779144763947,-0.18101909756660461]","[-0.23744410276412964,-0.028503835201263428,-0.22345328330993652]","[-0.2596501410007477,-0.18854166567325592,-0.23485791683197021]","[-0.16093415021896362,-0.0034493952989578247,-0.35912418365478516]","[-0.25257813930511475,-0.014992304146289825,-0.2461559772491455]","[-0.2185307741165161,-0.0014955326914787292,-0.1685561239719391]","[-0.08521623909473419,0.0741056352853775,-0.25451117753982544]","[-0.2370871901512146,-0.10056304186582565,-0.23080697655677795]","[-0.204879492521286,-0.021308712661266327,-0.2623237371444702]","[-0.11736907064914703,-0.10167960822582245,-0.23954133689403534]","[-0.23886682093143463,-0.12398607283830643,-0.28494900465011597]","[-0.17611068487167358,0.020802393555641174,-0.21453975141048431]","[-0.1834467351436615,-0.12425658106803894,-0.2922227680683136]","[-0.13738316297531128,-0.11989670991897583,-0.31445741653442383]","[-0.16262492537498474,-0.1532529890537262,-0.39110177755355835]","[-0.22558756172657013,0.02756217122077942,-0.3349817097187042]","[-0.15292097628116608,-0.02002175897359848,-0.24176813662052155]","[-0.13410654664039612,-0.11890382319688797,-0.31890156865119934]"
"[-0.16852834820747375,-0.063711017370224,-0.1322077065706253]","[-0.20370817184448242,0.04002659022808075,-0.09269128739833832]","[-0.10905227065086365,-0.03721834719181061,-0.115990549325943]","[-0.20882363617420197,-0.10513453930616379,-0.2443690001964569]","[-0.22813200950622559,-0.1619403064250946,-0.2752288281917572]","[-0.24022476375102997,-0.07418419420719147,-0.2331630289554596]","[-0.11145879328250885,0.0328633189201355,-0.22477716207504272]","[-0.31724607944488525,-0.02459372580051422,-0.2705315947532654]","[-0.21713683009147644,-0.10735779255628586,-0.23500379920005798]","[-0.16469579935073853,-0.0377483032643795,-0.09836560487747192]","[-0.2918059229850769,-0.07234068214893341,-0.15609918534755707]","[-0.2012794017791748,-0.10432083904743195,-0.2985205054283142]","[-0.18520952761173248,-0.14479152858257294,-0.33537915349006653]","[-0.14872640371322632,-0.10372312366962433,-0.33882421255111694]","[-0.20841626822948456,-0.14114294946193695,-0.31121736764907837]","[-0.23135465383529663,-0.09158625453710556,-0.23019996285438538]","[-0.15376123785972595,-0.12552358210086823,-0.28644341230392456]","[-0.1462361067533493,-0.03849475830793381,-0.243583083152771]","[-0.2481151968240738,-0.10186099261045456,-0.2833867073059082]","[-0.13702374696731567,-0.13159216940402985,-0.22098204493522644]"
"[-0.21617837250232697,-0.004096969962120056,-0.22776010632514954]","[-0.18642541766166687,-0.03369668871164322,-0.17560042440891266]","[-0.14250832796096802,-0.02854297310113907,-0.17481136322021484]","[-0.19934503734111786,0.012435615062713623,-0.21993809938430786]","[-0.14872580766677856,-0.12850621342658997,-0.2514219880104065]","[-0.23253101110458374,-0.16045284271240234,-0.2516639232635498]","[-0.21170175075531006,-0.00635017454624176,-0.22390583157539368]","[-0.22089573740959167,-0.07697121798992157,-0.31125909090042114]","[-0.20610570907592773,0.00033055245876312256,-0.26590174436569214]","[-0.23439601063728333,-0.10450943559408188,-0.22790664434432983]","[-0.2320822775363922,-0.05207780748605728,-0.32132700085639954]","[-0.2182314097881317,-0.11661931127309799,-0.296536386013031]","[-0.19487783312797546,-0.07116977125406265,-0.27976754307746887]","[-0.29006239771842957,0.07471472024917603,-0.25857481360435486]","[-0.2790529429912567,-0.0036803334951400757,-0.3665655851364136]","[-0.1349603682756424,-0.036729246377944946,-0.21840712428092957]","[-0.20418888330459595,-0.11519338190555573,-0.24196991324424744]","[-0.31852030754089355,-0.16392965614795685,-0.23518715798854828]","[-0.20185424387454987,-0.06802298873662949,-0.10167737305164337]","[-0.23114681243896484,0.044204503297805786,-0.1888129860162735]"
"[-0.18590280413627625,-0.10747332870960236,-0.3001841902732849]","[-0.2605332136154175,-0.04934726282954216,-0.2563323974609375]","[-0.19786810874938965,-0.0848468691110611,-0.20934563875198364]","[-0.20511798560619354,-0.13361388444900513,-0.2814026474952698]","[-0.22356660664081573,-0.05456544831395149,-0.15292878448963165]","[-0.1561165153980255,-0.06962014734745026,-0.20374330878257751]","[-0.15194788575172424,0.014836415648460388,-0.22360257804393768]","[-0.20331460237503052,-0.11968046426773071,-0.31144818663597107]","[-0.22700512409210205,0.004631936550140381,-0.20504918694496155]","[-0.3834896683692932,-0.07595056295394897,-0.2791440784931183]","[-0.15901973843574524,-0.0876690000295639,-0.23030529916286469]","[-0.20551812648773193,-0.07005453109741211,-0.3081873953342438]","[-0.24822595715522766,-0.16836494207382202,-0.2694186270236969]","[-0.2072906792163849,-0.09665681421756744,-0.25349709391593933]","[-0.20269760489463806,-0.03475906699895859,-0.21502946317195892]","[-0.23864538967609406,-0.12267518043518066,-0.19617187976837158]","[-0.28692954778671265,-0.16466544568538666,-0.22698862850666046]","[-0.2690780758857727,-0.060961611568927765,-0.17988142371177673]","[-0.13382402062416077,-0.11481732130050659,-0.2273007333278656]","[-0.37291961908340454,0.05855928361415863,-0.2168930470943451]"
"[-0.26208579540252686,0.01814652979373932,-0.2591403126716614]","[-0.19556519389152527,0.0006029456853866577,-0.20310154557228088]","[-0.2587461769580841,-0.07403214275836945,-0.2569047808647156]","[-0.1878228485584259,-0.06281334906816483,-0.1470685601234436]","[-0.23554256558418274,-0.12808528542518616,-0.2048124074935913]","[-0.18354642391204834,-0.05705978721380234,-0.25804397463798523]","[-0.23189878463745117,-0.08158854395151138,-0.1801658570766449]","[-0.26687103509902954,-0.0736948549747467,-0.25938183069229126]","[-0.15154336392879486,-0.025905899703502655,-0.23920395970344543]","[-0.24539299309253693,-0.12077375501394272,-0.30718785524368286]","[-0.18520137667655945,-0.03382182866334915,-0.31289735436439514]","[-0.2571898102760315,-0.043159451335668564,-0.18164193630218506]","[-0.2757822573184967,-0.08112179487943649,-0.1829013079404831]","[-0.28661268949508667,0.0473756343126297,-0.2666230797767639]","[-0.23683196306228638,-0.05301292613148689,-0.2749355733394623]","[-0.16531014442443848,-0.19731320440769196,-0.2877465784549713]","[-0.25898200273513794,-0.10984255373477936,-0.26483821868896484]","[-0.2482697069644928,-0.21020598709583282,-0.2674374282360077]","[-0.16746437549591064,-0.15384168922901154,-0.341817170381546]","[-0.32076913118362427,-0.07116316258907318,-0.15067869424819946]"
"[-0.1310373991727829,-0.04784934222698212,-0.19037683308124542]","[-0.2441166639328003,-0.06499772518873215,-0.16896569728851318]","[-0.20493635535240173,-0.11537246406078339,-0.22607839107513428]","[-0.25334134697914124,0.024940714240074158,-0.20691922307014465]","[-0.2601006329059601,-0.04768046364188194,-0.18796315789222717]","[-0.2112504541873932,-0.0997108593583107,-0.262616366147995]","[-0.20648826658725739,-0.08487727493047714,-0.2131378948688507]","[-0.2757658362388611,-0.01061500608921051,-0.2785520553588867]","[-0.24104821681976318,0.035698696970939636,-0.24206238985061646]","[-0.21862724423408508,-0.08020596206188202,-0.281263142824173]","[-0.2211495041847229,-0.03779345750808716,-0.3221263587474823]","[-0.19797460734844208,-0.11205033957958221,-0.2716822624206543]","[-0.23593732714653015,-0.051722023636102676,-0.48077934980392456]","[-0.20193123817443848,-0.0850105732679367,-0.2928781807422638]","[-0.24913108348846436,-0.08582548052072525,-0.31240788102149963]","[-0.15420344471931458,0.02005217969417572,-0.18838286399841309]","[-0.22404968738555908,-0.08405718207359314,-0.23285232484340668]","[-0.11214316636323929,-0.09384994208812714,-0.19011324644088745]","[-0.21396280825138092,-0.15453210473060608,-0.24466471374034882]","[-0.1658119559288025,-0.030973203480243683,-0.17787885665893555]"
"[-0.10527881979942322,-0.11225937306880951,-0.31996893882751465]","[-0.1690596044063568,-0.12998992204666138,-0.2893625795841217]","[-0.18757829070091248,-0.025745682418346405,-0.22811810672283173]","[-0.16466423869132996,-0.07204492390155792,-0.2435520589351654]","[-0.116228386759758,0.02750849723815918,-0.3393964171409607]","[-0.15682724118232727,0.08562545478343964,-0.20991064608097076]","[-0.15496791899204254,0.03777378797531128,-0.18838943541049957]","[-0.23395319283008575,-0.06427226960659027,-0.2866328954696655]","[-0.23376435041427612,-0.04651482403278351,-0.2692818343639374]","[-0.08167940378189087,0.10773371160030365,-0.18173393607139587]","[-0.1747252643108368,-0.1330859661102295,-0.29745036363601685]","[-0.2501205801963806,-0.10123293101787567,-0.29354628920555115]","[-0.22341497242450714,-0.10256890952587128,-0.2975240647792816]","[-0.29515618085861206,0.028915077447891235,-0.22845670580863953]","[-0.11253786087036133,-0.08020836114883423,-0.2124091535806656]","[-0.2624286413192749,0.024559780955314636,-0.25216320157051086]","[-0.19775773584842682,-0.08666190505027771,-0.22360098361968994]","[-0.23505257070064545,-0.0007094442844390869,-0.22542235255241394]","[-0.10795760899782181,-0.13962875306606293,-0.3140468895435333]","[-0.22675727307796478,-0.030750378966331482,-0.21530097723007202]"
"[-0.2581704258918762,-0.10479961335659027,-0.27846723794937134]","[-0.17451345920562744,-0.009496226906776428,-0.20415541529655457]","[-0.226119726896286,-0.0801704004406929,-0.3057478368282318]","[-0.14870503544807434,-0.13931521773338318,-0.2630448043346405]","[-0.14752477407455444,-0.17783083021640778,-0.2173929661512375]","[-0.17945487797260284,-0.08499713987112045,-0.1647750437259674]","[-0.1635071039199829,-0.10155825316905975,-0.3208293318748474]","[-0.17750272154808044,-0.03586842864751816,-0.23257717490196228]","[-0.22146344184875488,-0.23888030648231506,-0.27471399307250977]","[-0.16739079356193542,-0.09290604293346405,-0.2382451444864273]","[-0.19358119368553162,-0.13768744468688965,-0.26023390889167786]","[-0.23037949204444885,-0.14481498301029205,-0.3388870656490326]","[-0.16970780491828918,-0.13847771286964417,-0.3192365765571594]","[-0.23339390754699707,-0.12526121735572815,-0.3466000556945801]","[-0.2588752210140228,-0.10438321530818939,-0.22287309169769287]","[-0.12609437108039856,-0.14504168927669525,-0.2610613703727722]","[-0.015409991145133972,-0.30319833755493164,-0.15335437655448914]","[-0.20783790946006775,-0.19641602039337158,-0.3059709966182709]","[-0.09404143691062927,-0.15058545768260956,-0.34774792194366455]","[-0.18934904038906097,-0.12866291403770447,-0.24594153463840485]"
"[-0.3164862096309662,0.041300609707832336,-0.13709835708141327]","[-0.18446482717990875,-0.08988465368747711,-0.16874228417873383]","[-0.24355991184711456,-0.09477730840444565,-0.2548398971557617]","[-0.2127292901277542,-0.010272838175296783,-0.18132244050502777]","[-0.26634344458580017,0.006187468767166138,-0.3030969798564911]","[-0.14731210470199585,0.034229129552841187,-0.20167507231235504]","[-0.15029996633529663,-0.007979191839694977,-0.19707834720611572]","[-0.09541690349578857,-0.07112163305282593,-0.1556929051876068]","[-0.17910757660865784,-0.12250355631113052,-0.22584491968154907]","[-0.19406463205814362,0.0031949281692504883,-0.18385843932628632]","[-0.16829678416252136,0.07049836218357086,-0.2853122651576996]","[-0.23290875554084778,-0.09482242912054062,-0.24717620015144348]","[-0.2855243980884552,-0.13888640701770782,-0.18509644269943237]","[-0.23731282353401184,-0.16682720184326172,-0.3075173795223236]","[-0.1975097954273224,-0.078624427318573,-0.2739720642566681]","[-0.24638888239860535,-0.05500248447060585,-0.2030951827764511]","[-0.09889869391918182,-0.03427428752183914,-0.20396417379379272]","[-0.20615793764591217,-0.19454434514045715,-0.30034905672073364]","[-0.20407114923000336,-0.17537163197994232,-0.2905115485191345]","[-0.19398905336856842,-0.1141381710767746,-0.3080042898654938]"
"[-0.3015648126602173,-0.1633400022983551,-0.1794939488172531]","[-0.2394929826259613,-0.07539508491754532,-0.21084809303283691]","[-0.18111830949783325,-0.07700228691101074,-0.18620610237121582]","[-0.17545360326766968,0.012028738856315613,-0.24249328672885895]","[-0.20825906097888947,-0.08501847833395004,-0.21958574652671814]","[-0.22397968173027039,-0.09298782050609589,-0.16159890592098236]","[-0.23434792459011078,-0.015395328402519226,-0.2553660571575165]","[-0.21390217542648315,-0.07400722801685333,-0.2237507700920105]","[-0.23522698879241943,-0.04441375285387039,-0.273338258266449]","[-0.23309604823589325,-0.047346919775009155,-0.24317127466201782]","[-0.24851234257221222,-0.09072209894657135,-0.24290946125984192]","[-0.18638992309570312,-0.08317767828702927,-0.26390814781188965]","[-0.28958356380462646,-0.09629805386066437,-0.2886498272418976]","[-0.2096811830997467,-0.05250220000743866,-0.23857751488685608]","[-0.2108745127916336,-0.05977149307727814,-0.2698529362678528]","[-0.1947302371263504,-0.030185632407665253,-0.17598122358322144]","[-0.2993932366371155,0.004732385277748108,-0.14882011711597443]","[-0.1794009804725647,-0.08801577240228653,-0.20601913332939148]","[-0.2924933135509491,-0.03611529618501663,-0.20328253507614136]","[-0.2912111282348633,0.07078714668750763,-0.041520342230796814]"
"[-0.2482958436012268,-0.04010331258177757,-0.22154894471168518]","[-0.17103105783462524,-0.028113804757595062,-0.22656211256980896]","[-0.20705708861351013,-0.11832402646541595,-0.18976084887981415]","[-0.2428298443555832,-0.09982513636350632,-0.19958952069282532]","[-0.22787611186504364,-0.056023068726062775,-0.13202261924743652]","[-0.13236504793167114,-0.009248413145542145,-0.20545107126235962]","[-0.2054508775472641,-0.09685176610946655,-0.22236384451389313]","[-0.22910061478614807,-0.11823932826519012,-0.326012521982193]","[-0.24461907148361206,-0.08564488589763641,-0.2669387757778168]","[-0.15706902742385864,0.01969371736049652,-0.1865057647228241]","[-0.2680339813232422,0.015463516116142273,-0.23309734463691711]","[-0.3291837275028229,-0.06786385178565979,-0.2868489921092987]","[-0.11266404390335083,-0.06234269589185715,-0.23912864923477173]","[-0.14849281311035156,-0.13969382643699646,-0.37266090512275696]","[-0.22925083339214325,-0.06741130352020264,-0.26366519927978516]","[-0.09992054104804993,0.01649974286556244,-0.23876245319843292]","[-0.3114490509033203,-0.08899849653244019,-0.2598055899143219]","[-0.28269144892692566,-0.06547191739082336,-0.16434842348098755]","[-0.2232242226600647,-0.3320996165275574,-0.2505122721195221]","[-0.17208236455917358,0.051618605852127075,-0.14962714910507202]"
"[-0.18744003772735596,-0.03127729892730713,-0.21184933185577393]","[-0.269357830286026,-0.05787341669201851,-0.23430222272872925]","[-0.1639421284198761,-0.02121487259864807,-0.1756393015384674]","[-0.22028028964996338,-0.17486976087093353,-0.24903614819049835]","[-0.16277171671390533,-0.0509517677128315,-0.1754041165113449]","[-0.1501636952161789,-0.07900378853082657,-0.10737589001655579]","[-0.17592304944992065,-0.052327435463666916,-0.20278584957122803]","[-0.16739925742149353,-0.038870565593242645,-0.2712564468383789]","[-0.3403671383857727,-0.029094021767377853,-0.11756274104118347]","[-0.2073829025030136,-0.10226739197969437,-0.2979908883571625]","[-0.26834753155708313,-0.0675448328256607,-0.29604223370552063]","[-0.19103848934173584,-0.13436715304851532,-0.3032780587673187]","[-0.2745424509048462,-0.2760651707649231,-0.29464060068130493]","[-0.23371857404708862,-0.061329059302806854,-0.3088350296020508]","[-0.2500869631767273,-0.07711337506771088,-0.3150027096271515]","[-0.2539537250995636,-0.03741630166769028,-0.23885999619960785]","[-0.1538974642753601,-0.13515734672546387,-0.20589661598205566]","[-0.0783986747264862,-0.19723936915397644,-0.32462772727012634]","[-0.2614266872406006,-0.16989891231060028,-0.15686313807964325]","[-0.2167399376630783,-0.0599525086581707,-0.21944478154182434]"
"[-0.05820377171039581,0.06485763192176819,-0.17893624305725098]","[-0.15561282634735107,-0.05238327756524086,-0.16245105862617493]","[-0.2041163146495819,0.05301697552204132,-0.19085407257080078]","[-0.27720803022384644,-0.08289025723934174,-0.12752525508403778]","[-0.1967361718416214,-0.0707378163933754,-0.17670032382011414]","[-0.3102867007255554,0.08467741310596466,-0.1607230007648468]","[-0.2152761071920395,-0.10909193754196167,-0.1755387783050537]","[-0.16370248794555664,-0.09829594194889069,-0.1948823481798172]","[-0.23106932640075684,-0.04254261031746864,-0.16245242953300476]","[-0.2173456996679306,0.0356990247964859,-0.20805016160011292]","[-0.1395728886127472,-0.07221183180809021,-0.30844005942344666]","[-0.19650782644748688,-0.13047318160533905,-0.3151327669620514]","[-0.2089804857969284,-0.1218794658780098,-0.2975965440273285]","[-0.19780921936035156,-0.04365451633930206,-0.31018009781837463]","[-0.21072322130203247,-0.017619550228118896,-0.22792786359786987]","[-0.18496370315551758,-0.10265667736530304,-0.25180503726005554]","[-0.2742120921611786,-0.080462247133255,-0.2729562819004059]","[-0.1865607053041458,0.17889395356178284,-0.09536811709403992]","[-0.17374344170093536,-0.14404864609241486,-0.19713512063026428]","[-0.10281474143266678,0.003282979130744934,-0.22488859295845032]"
